"Län","Kommun","Elbolag","El_2015","El_2016","El_2017","El_2018","El_2019","El_2020","El_2021","El_2022","El_2024","El_2212","Rang_2015","Rang_2018","Rang_2019","Rang_2020","Rang_2021","Rang_2022"
"Blekinge","Karlshamn","Karlshamn Energi AB",59.26,60.7,65.34,95.52,100.77,89.47,93.13,154.49,NA,32216,30,51,54,60,70,247
"Blekinge","Karlskrona","Affärsverken Elnät i Karlskrona AB",82.11,87.9,92.35,110,117.8,104.65,107.91,167.96,120.83,66682,182,159,186,213,269,282
"Blekinge","Olofström","Olofströms Kraft Nät AB",82.12,85.4,88.68,105.98,111.19,98.26,101.51,160.76,110.68,13159,183,140,148,146,161,256
"Blekinge","Ronneby","Ronneby Miljö & Teknik AB",54.52,54.3,NA,NA,NA,NA,NA,NA,NA,NA,12,NA,NA,NA,NA,NA
"Blekinge","Sölvesborg","Sölvesborgs Energi & Vatten AB",70.92,68.7,72.04,97.13,NA,NA,NA,NA,94.86,NA,94,70,NA,NA,NA,NA
"Dalarna","Avesta","Vattenfall Eldistribution AB",81.68,93.8,104.32,115.1,118.22,105.09,103.05,147.36,111.82,22932,142,253,187,214,185,170
"Dalarna","Borlänge","AB Borlänge Energi Elnät",44.72,46.3,47.88,84.87,88.82,75.91,80.07,124.73,69.05,52178,1,3,3,3,4,42
"Dalarna","Falun","Falu Elnät AB",68.02,68.1,70.68,96.56,100.91,87.76,95.04,139.52,90.98,59818,80,59,57,53,85,96
"Dalarna","Gagnef","Dala Energi Elnät AB",76.47,79.8,85.52,104.92,108.05,96.65,100.99,147.32,124.74,10499,115,134,124,135,157,166
"Dalarna","Hedemora","Hedemora Elnät AB",61.79,64,68.67,94.5,98.99,87.84,91.09,136.57,89.92,15443,39,44,48,54,52,83
"Dalarna","Leksand","Dala Energi Elnät AB",76.47,79.8,85.52,104.92,108.05,96.65,100.99,147.32,124.74,16113,116,132,124,135,157,166
"Dalarna","Ludvika","Västerbergslagens Elnät AB",67.97,73.5,77.51,100.99,105.09,92.44,97.86,146.94,119.07,26353,79,111,109,104,128,161
"Dalarna","Malung-Sälen","Malungs Elnät AB",68.89,91,91,104.06,107.18,94.04,97.3,146.88,NA,NA,87,126,120,120,115,160
"Dalarna","Mora","Fortum Distribution AB",81.29,NA,NA,NA,NA,NA,NA,NA,NA,NA,136,NA,NA,NA,NA,NA
"Dalarna","Orsa","Fortum Distribution AB",81.28,NA,NA,NA,NA,NA,NA,NA,NA,NA,133,NA,NA,NA,NA,NA
"Dalarna","Rättvik","Dala Energi Elnät AB",76.48,79.8,85.52,104.92,108.05,96.65,100.99,147.32,124.74,11092,117,131,124,135,157,166
"Dalarna","Smedjebacken","Smedjebacken Energi Nät AB",64.73,65.2,66.05,94.01,97.65,86.24,91.18,136.12,90.22,10922,64,42,38,46,53,81
"Dalarna","Säter","Dala Elnät AB",79.1,81.2,85.52,104.92,NA,NA,NA,NA,NA,NA,128,133,NA,NA,NA,NA
"Dalarna","Vansbro","Fortum Distribution AB",105.63,NA,NA,NA,NA,NA,NA,NA,NA,NA,282,NA,NA,NA,NA,NA
"Dalarna","Älvdalen","Fortum Distribution AB",81.29,NA,NA,NA,NA,NA,NA,NA,NA,NA,135,NA,NA,NA,NA,NA
"Gotland","Region Gotland","Gotlands Elnät AB",69.45,79.8,89.66,107.7,110.82,100.26,103.51,154.61,130.22,61173,90,145,140,155,229,248
"Gävleborg","Bollnäs","Fortum Distribution AB",81.28,NA,NA,NA,NA,NA,NA,NA,NA,NA,134,NA,NA,NA,NA,NA
"Gävleborg","Gävle","Gävle Energi AB",64.54,65,65.43,93.57,97.82,85.53,89.53,134.91,88.42,103493,62,39,41,41,43,74
"Gävleborg","Hofors","Hofors Elverk AB",76.76,78.4,79.9,100.63,104.53,92.71,97.4,144.29,104.71,9472,118,106,106,107,123,137
"Gävleborg","Hudiksvall","Fortum Distribution AB",81.29,NA,NA,NA,NA,NA,NA,NA,NA,NA,137,NA,NA,NA,NA,NA
"Gävleborg","Ljusdal","Ljusdal Elnät AB",60.89,62.6,65.78,89.3,95.15,83.05,86.92,99.18,88.03,18771,37,14,20,21,22,5
"Gävleborg","Nordanstig","E.ON Elnät Sverige AB",93.27,96.9,106.31,117.96,NA,NA,NA,NA,NA,NA,268,285,NA,NA,NA,NA
"Gävleborg","Ockelbo","Fortum Distribution AB",81.28,NA,NA,NA,NA,NA,NA,NA,NA,NA,132,NA,NA,NA,NA,NA
"Gävleborg","Ovanåker","Elektra Nät AB",68.62,69.7,73.56,98.55,103.02,90.37,94.79,NA,NA,NA,83,86,78,81,82,NA
"Gävleborg","Sandviken","Sandviken Energi Elnät AB",66.35,65.9,76.75,99.25,103.62,92.87,97.02,142.51,111.24,39098,69,98,87,110,114,119
"Gävleborg","Söderhamn","Söderhamn Elnät AB",62.82,65.2,65.2,92.59,95.71,81.42,87.37,99.93,78.26,25258,45,32,29,16,23,6
"Halland","Falkenberg","Falkenberg Energi AB",52.33,54,58.87,92.22,97.88,84.67,83.29,145.22,NA,47017,9,31,42,35,10,141
"Halland","Halmstad","Halmstads Energi & Miljö Nät AB",55.16,55.7,NA,NA,NA,NA,NA,NA,NA,NA,19,NA,NA,NA,NA,NA
"Halland","Hylte","E.ON Elnät Sverige AB",86.38,89.7,98.78,114.09,NA,NA,NA,NA,NA,NA,221,225,NA,NA,NA,NA
"Halland","Kungsbacka","E.ON Elnät Sverige AB",86.35,89.7,98.78,114.09,NA,NA,NA,NA,NA,NA,198,193,NA,NA,NA,NA
"Halland","Laholm","Södra Hallands Kraft ek för",66.69,NA,NA,NA,NA,NA,NA,NA,NA,NA,70,NA,NA,NA,NA,NA
"Halland","Varberg","Varberg Energi AB",63.49,64,66.61,94.38,99.98,88.08,92.89,138.85,NA,67800,49,43,52,55,65,94
"Jämtland","Berg","Bergs Tingslags Elektriska AB",113.6,115.9,125.24,126.26,132.63,122.22,127.4,136.58,160.17,7176,290,290,290,290,290,84
"Jämtland","Bräcke","Härjeåns Nät AB",104.9,113.3,122.33,118.86,126.23,113.02,116.28,128.03,186.25,6162,273,288,283,283,283,48
"Jämtland","Härjedalen","Härjeåns Nät AB",104.89,113.3,122.33,118.86,126.23,113.02,116.28,128.03,186.25,10185,271,287,283,283,283,48
"Jämtland","Krokom","Jämtkraft Elnät AB",77.86,81.5,83.71,98.32,103.04,89.83,93.08,104.63,93.14,15532,122,82,79,66,66,9
"Jämtland","Ragunda","E.ON Elnät Sverige AB",93.27,96.9,106.31,112.02,NA,NA,NA,NA,NA,NA,263,173,NA,NA,NA,NA
"Jämtland","Strömsund","E.ON Elnät Sverige AB",93.27,96.9,106.31,112.02,NA,NA,NA,NA,NA,NA,264,170,NA,NA,NA,NA
"Jämtland","Åre","Jämtkraft Elnät AB",77.86,81.5,83.71,98.32,103.04,89.83,93.08,104.63,93.14,12330,123,83,79,66,66,9
"Jämtland","Östersund","Jämtkraft Elnät AB",77.86,81.5,83.71,98.32,103.04,89.83,93.08,104.63,93.14,64714,124,81,79,66,66,9
"Jönköping","Aneby","E.ON Elnät Sverige AB",86.35,89.7,98.78,114.09,NA,NA,NA,NA,NA,NA,191,208,NA,NA,NA,NA
"Jönköping","Eksjö","Eksjö Elnät AB",55.49,55.6,59.88,89.99,94.59,85.5,89.48,134.52,85.08,17858,20,19,19,40,42,71
"Jönköping","Gislaved","Gislaved Energi AB",73.21,73.2,73.98,98.12,NA,NA,NA,NA,NA,NA,103,80,NA,NA,NA,NA
"Jönköping","Gnosjö","E.ON Elnät Sverige AB",86.35,89.7,98.78,114.09,NA,NA,NA,NA,NA,NA,194,222,NA,NA,NA,NA
"Jönköping","Habo","Habo Kraft AB",77.81,78.7,80.02,101.27,104.4,91.18,96.46,140.77,103.5,13128,121,112,105,91,106,102
"Jönköping","Jönköping","Jönköping EnergiNät AB",53.77,53.8,NA,NA,NA,NA,NA,NA,NA,NA,11,NA,NA,NA,NA,NA
"Jönköping","Mullsjö","Vattenfall Eldistribution AB",81.72,93.8,104.32,115.1,118.22,105.09,103.05,147.36,111.82,7532,174,247,187,214,185,170
"Jönköping","Nässjö","Nässjö Affärsverk Elnät AB",60.76,63.1,66.36,95.17,100.02,84.13,87.38,134.13,85.34,31944,35,49,53,26,24,70
"Jönköping","Sävsjö","Sävsjö Energi AB",78.48,79.3,NA,NA,NA,NA,NA,NA,NA,NA,126,NA,NA,NA,NA,NA
"Jönköping","Tranås","Tranås Energi Elnät AB",73.47,80.4,85.41,104.74,108.91,98.02,102.95,148.78,122.3,18804,104,129,132,145,184,214
"Jönköping","Vaggeryd","Vaggeryd Kommuns Elverk",75.27,NA,NA,NA,NA,NA,NA,NA,NA,NA,109,NA,NA,NA,NA,NA
"Jönköping","Vetlanda","Vetlanda Elnät AB",67.94,66.4,70.99,97.8,NA,NA,NA,NA,NA,NA,77,77,NA,NA,NA,NA
"Jönköping","Värnamo","Värnamo Elnät AB",69.14,69.1,73.09,96.5,102.45,91.68,94.94,153.37,106.08,34692,88,58,69,92,84,243
"Kalmar","Borgholm","Borgholm Energi Elnät AB",68.85,75.8,79.91,100.68,110.06,99.48,103.5,161.69,102.54,10857,85,108,137,153,228,259
"Kalmar","Emmaboda","Emmaboda Elnät AB",84.15,87.9,90.05,105.89,111.1,95.45,99.88,161.94,121.52,9347,185,139,147,128,138,260
"Kalmar","Hultsfred","E.ON Elnät Sverige AB",86.35,89.7,98.78,114.09,NA,NA,NA,NA,NA,NA,195,209,NA,NA,NA,NA
"Kalmar","Högsby","E.ON Elnät Sverige AB",86.39,89.7,98.78,114.09,NA,NA,NA,NA,NA,NA,223,226,NA,NA,NA,NA
"Kalmar","Kalmar","Kalmar Energi Elnät AB",63.88,65.2,68.55,97.06,103.93,90.78,92.4,153.75,90.79,72018,51,61,97,84,60,244
"Kalmar","Mönsterås","E.ON Elnät Sverige AB",86.36,89.7,98.78,114.09,NA,NA,NA,NA,NA,NA,201,215,NA,NA,NA,NA
"Kalmar","Mörbylånga","E.ON Elnät Sverige AB",86.39,89.7,98.78,114.09,NA,NA,NA,NA,NA,NA,224,219,NA,NA,NA,NA
"Kalmar","Nybro","Nybro Elnät AB",70.41,72.3,76.22,100.65,105.79,92.53,95.79,157.51,106.53,20303,92,107,111,106,102,252
"Kalmar","Oskarshamn","Oskarshamn Energi Nät AB",75.7,77.2,81.53,103.23,106.82,93.67,93.57,156.37,119.76,27028,111,121,117,117,72,251
"Kalmar","Torsås","Kraftringen Nät AB",86.61,86.6,89.67,108.69,116.46,109.59,112.35,169.93,151.14,7042,226,149,178,271,271,283
"Kalmar","Vimmerby","Vimmerby Energi & Miljö AB",66.99,NA,74.85,100.77,NA,NA,NA,NA,NA,NA,73,109,NA,NA,NA,NA
"Kalmar","Västervik","Västerviks Kraft Elnät AB",68.7,NA,NA,NA,NA,NA,NA,NA,NA,NA,84,NA,NA,NA,NA,NA
"Kronoberg","Alvesta","Alvesta Elnät AB",97.6,84.5,90.08,107.23,112.4,99.19,102.44,160.81,120.29,20257,269,144,153,151,180,257
"Kronoberg","Lessebo","E.ON Elnät Sverige AB",86.38,89.7,98.78,114.09,NA,NA,NA,NA,NA,NA,222,220,NA,NA,NA,NA
"Kronoberg","Ljungby","Ljungby Energinät AB",50.79,49.7,52.17,88.71,93.24,78.6,82.34,142.61,69.92,28483,6,11,15,7,8,121
"Kronoberg","Markaryd","E.ON Elnät Sverige AB",86.36,89.7,98.78,114.09,NA,NA,NA,NA,NA,NA,200,218,NA,NA,NA,NA
"Kronoberg","Tingsryd","E.ON Elnät Sverige AB",86.38,89.7,98.78,114.09,NA,NA,NA,NA,NA,NA,219,192,NA,NA,NA,NA
"Kronoberg","Uppvidinge","E.ON Elnät Sverige AB",86.37,89.7,98.78,114.09,NA,NA,NA,NA,NA,NA,210,224,NA,NA,NA,NA
"Kronoberg","Växjö","Växjö Energi Elnät AB",60.29,60.3,61.26,93.27,99.6,89.88,91.35,152.83,90.36,97137,34,38,49,69,54,239
"Kronoberg","Älmhult","E.ON Elnät Sverige AB",86.38,89.7,98.78,114.09,NA,NA,NA,NA,NA,NA,220,205,NA,NA,NA,NA
"Norrbotten","Arjeplog","Vattenfall Eldistribution AB",87.24,101.1,112.31,113.21,116.34,103.21,100.79,112.36,111.82,2667,236,180,161,196,140,30
"Norrbotten","Arvidsjaur","Vattenfall Eldistribution AB",87.24,101.1,112.31,113.21,116.34,103.21,100.79,112.36,111.82,6111,237,179,161,196,140,30
"Norrbotten","Boden","Bodens Energi Nät AB",66.95,67,72.36,91.26,95.47,84.59,89.64,102.7,95.93,28048,72,28,23,29,44,8
"Norrbotten","Gällivare","Vattenfall Eldistribution AB",87.24,101.1,112.31,113.21,116.34,103.21,100.79,112.36,111.82,17420,238,189,161,196,140,30
"Norrbotten","Haparanda","Vattenfall Eldistribution AB",87.24,101.1,112.31,113.21,116.34,103.21,100.79,112.36,111.82,9340,239,183,161,196,140,30
"Norrbotten","Jokkmokk","Vattenfall Eldistribution AB",87.25,101.1,112.31,113.21,116.34,103.21,100.79,112.36,111.82,4760,249,190,161,196,140,30
"Norrbotten","Kalix","Vattenfall Eldistribution AB",87.24,101.1,112.31,113.21,116.34,103.21,100.79,112.36,111.82,15729,240,181,161,196,140,30
"Norrbotten","Kiruna","Vattenfall Eldistribution AB",87.25,101.1,112.31,113.21,116.34,103.21,100.79,112.36,111.82,22423,246,184,161,196,140,30
"Norrbotten","Luleå","Luleå Energi Elnät AB",48.23,51,51.93,80.82,84.71,72.91,77.04,89.5,69.16,79244,2,1,1,2,2,2
"Norrbotten","Pajala","Vattenfall Eldistribution AB",87.24,101.1,112.31,113.21,116.34,103.21,100.79,112.36,111.82,5883,241,182,161,196,140,30
"Norrbotten","Piteå","AB PiteEnergi",59.33,62.6,65.87,88.37,92.24,79.95,83.76,96.27,84.58,42362,31,9,10,10,11,4
"Norrbotten","Älvsbyn","Vattenfall Eldistribution AB",87.25,101.1,112.31,113.21,116.34,103.21,100.79,112.36,111.82,7911,247,191,161,196,140,30
"Norrbotten","Överkalix","Vattenfall Eldistribution AB",87.24,101.1,112.31,113.21,116.34,103.21,100.79,112.36,111.82,3160,235,188,161,196,140,30
"Norrbotten","Övertorneå","Övertorneå Energi AB",101.8,94.5,95.76,103.63,106.76,93.54,96.8,108.37,99.39,4119,270,125,116,116,109,17
"Skåne","Bjuv","Öresundskraft AB",62.38,65.5,68.68,96.06,100.97,86.96,91.55,152.18,99.26,16062,41,57,58,49,55,220
"Skåne","Bromölla","Bromölla Energi & Vatten AB",48.45,55.4,NA,NA,NA,NA,NA,NA,NA,NA,3,NA,NA,NA,NA,NA
"Skåne","Burlöv","E.ON Elnät Sverige AB",86.35,89.7,98.78,114.09,NA,NA,NA,NA,NA,NA,193,207,NA,NA,NA,NA
"Skåne","Båstad","Bjäre Kraft ek för",68.86,NA,NA,NA,NA,NA,NA,NA,NA,NA,86,NA,NA,NA,NA,NA
"Skåne","Eslöv","Kraftringen Nät AB",86.61,86.6,89.67,108.69,116.46,109.59,112.35,169.93,151.14,34701,230,155,178,271,271,283
"Skåne","Helsingborg","Öresundskraft AB",62.38,65.5,68.68,96.06,100.97,86.96,91.55,152.18,99.26,150975,41,55,58,49,55,220
"Skåne","Hässleholm","E.ON Elnät Sverige AB",86.35,89.7,98.78,114.09,NA,NA,NA,NA,NA,NA,196,202,NA,NA,NA,NA
"Skåne","Höganäs","Höganäs Energi AB",61.16,62.7,64.22,92.94,96.73,84.01,88,148.27,88.48,28103,38,34,32,25,28,213
"Skåne","Hörby","Kraftringen Nät AB",86.61,86.6,89.67,108.69,116.46,109.59,112.35,169.93,151.14,15718,233,151,178,271,271,283
"Skåne","Höör","Kraftringen Nät AB",86.61,86.6,89.67,108.69,116.46,109.59,112.35,169.93,151.14,17297,226,150,178,271,271,283
"Skåne","Klippan","Kraftringen Nät AB",86.61,86.6,89.67,108.69,116.46,109.59,112.35,169.93,151.14,17865,228,153,178,271,271,283
"Skåne","Kristianstad","C4 Elnät AB",70.39,71.2,72.6,97.93,102.79,89.66,88.88,149.7,96.82,86738,91,79,72,63,38,215
"Skåne","Kävlinge","Skånska Energi Nät AB",75.35,79,88.42,107.97,115.04,101.82,101.78,159.98,146.28,32470,110,146,158,158,176,254
"Skåne","Landskrona","Landskrona Energi AB",64.07,68.4,78.12,101.4,107.23,91.92,95.18,155.04,104.97,47004,52,113,121,94,86,249
"Skåne","Lomma","Kraftringen Nät AB",86.61,86.6,89.67,108.69,116.46,109.59,112.35,169.93,151.14,24721,229,154,178,271,271,283
"Skåne","Lund","Kraftringen Nät AB",86.61,86.6,89.67,108.69,116.46,109.59,112.35,169.93,151.14,128384,232,152,178,271,271,283
"Skåne","Malmö","E.ON Elnät Sverige AB",86.36,89.7,98.78,114.09,NA,NA,NA,NA,NA,NA,199,206,NA,NA,NA,NA
"Skåne","Osby","E.ON Elnät Sverige AB",86.36,89.7,98.78,114.09,NA,NA,NA,NA,NA,NA,204,198,NA,NA,NA,NA
"Skåne","Perstorp","E.ON Elnät Sverige AB",86.36,89.7,98.78,114.09,NA,NA,NA,NA,NA,NA,205,194,NA,NA,NA,NA
"Skåne","Simrishamn","Österlens Kraft AB",66.99,67.1,71.57,97.85,103.28,90.13,95.86,154.05,104.96,19074,74,78,83,71,103,245
"Skåne","Sjöbo","Sjöbo Elnät AB",77.07,78.3,84.3,104.5,109.32,96.17,99.42,161.3,112.11,19547,120,128,136,134,137,258
"Skåne","Skurup","Skurups Elverk AB",86.78,90.1,89.52,110.2,114.6,93.04,96.3,158.66,128.24,16731,234,160,156,113,105,253
"Skåne","Staffanstorp","Staffanstorps Energi AB",59.71,61.5,71.27,97.47,102.55,89.42,92.68,152.88,97.62,26778,32,71,70,59,63,241
"Skåne","Svalöv","E.ON Elnät Sverige AB",86.36,89.7,98.78,114.09,NA,NA,NA,NA,NA,NA,206,216,NA,NA,NA,NA
"Skåne","Svedala","E.ON Elnät Sverige AB",86.37,89.7,98.78,114.09,NA,NA,NA,NA,NA,NA,207,221,NA,NA,NA,NA
"Skåne","Tomelilla","E.ON Elnät Sverige AB",86.37,89.7,98.78,114.09,NA,NA,NA,NA,NA,NA,209,217,NA,NA,NA,NA
"Skåne","Trelleborg","Trelleborgs kommun",55.77,59.5,59.45,89.75,92.87,89.65,NA,NA,NA,NA,23,18,13,62,NA,NA
"Skåne","Vellinge","E.ON Elnät Sverige AB",86.37,89.7,98.78,114.09,NA,NA,NA,NA,NA,NA,213,223,NA,NA,NA,NA
"Skåne","Ystad","Ystad Energi AB",70.93,71.5,76.16,99.55,104.86,91.08,93.11,155.59,105.47,31714,95,100,108,90,69,250
"Skåne","Åstorp","Kraftringen Nät AB",86.61,86.6,89.67,108.69,116.46,109.59,112.35,169.93,151.14,16341,231,148,178,271,271,283
"Skåne","Ängelholm","Öresundskraft AB",62.39,65.5,68.68,96.06,100.97,86.96,91.55,152.18,99.26,44268,43,56,58,49,55,220
"Skåne","Örkelljunga","E.ON Elnät Sverige AB",86.38,89.7,98.78,114.09,NA,NA,NA,NA,NA,NA,216,195,NA,NA,NA,NA
"Skåne","Östra Göinge","Brittedals Elnät ek för",107.68,NA,NA,NA,NA,NA,NA,NA,NA,NA,289,NA,NA,NA,NA,NA
"Stockholm","Botkyrka","Vattenfall Eldistribution AB",81.68,93.8,104.32,115.1,118.22,105.09,103.05,147.36,111.82,95383,144,230,187,214,185,170
"Stockholm","Danderyd","E.ON Elnät Stockholm AB",64.17,66,67.41,97.11,103.9,92.28,NA,NA,NA,NA,60,62,89,96,NA,NA
"Stockholm","Ekerö","Fortum Distribution AB",64.85,NA,NA,NA,NA,NA,NA,NA,NA,NA,68,NA,NA,NA,NA,NA
"Stockholm","Haninge","Vattenfall Eldistribution AB",81.68,93.8,104.32,115.1,118.22,105.09,103.05,147.36,111.82,97683,146,259,187,214,185,170
"Stockholm","Huddinge","Vattenfall Eldistribution AB",81.68,93.8,104.32,115.1,118.22,105.09,103.05,147.36,111.82,114504,147,229,187,214,185,170
"Stockholm","Järfälla","E.ON Elnät Stockholm AB",64.17,66,67.41,97.11,103.9,92.28,NA,NA,NA,NA,55,63,89,96,NA,NA
"Stockholm","Lidingö","Fortum Distribution AB",64.85,NA,NA,NA,NA,NA,NA,NA,NA,NA,67,NA,NA,NA,NA,NA
"Stockholm","Nacka","Nacka Energi AB",66.93,73.6,78.35,101.89,106.89,95.81,98.27,144.76,115.57,109486,71,114,118,130,131,140
"Stockholm","Norrtälje","Norrtälje Energi AB",62.7,62.8,65.95,94.55,97.67,84.46,87.71,133.63,88.77,65587,44,45,39,28,26,65
"Stockholm","Nykvarn","Telge Nät AB",63.33,64.7,68,93.98,97.1,82.41,85.71,131.61,60.71,11664,48,41,33,17,17,55
"Stockholm","Nynäshamn","Kraftringen Nät AB",89.49,89.5,NA,NA,NA,NA,NA,NA,NA,NA,260,NA,NA,NA,NA,NA
"Stockholm","Salem","Vattenfall Eldistribution AB",81.69,93.8,104.32,115.1,118.22,105.09,103.05,147.36,111.82,17352,150,231,187,214,185,170
"Stockholm","Sigtuna","Vattenfall Eldistribution AB",81.7,93.8,104.32,115.1,118.22,105.09,103.05,147.36,111.82,51876,159,245,187,214,185,170
"Stockholm","Sollentuna","Sollentuna Energi AB",55.59,85.1,NA,NA,NA,NA,NA,NA,NA,NA,21,NA,NA,NA,NA,NA
"Stockholm","Solna","Vattenfall Eldistribution AB",81.71,93.8,104.32,115.1,118.22,105.09,103.05,147.36,111.82,85450,167,238,187,214,185,170
"Stockholm","Stockholm","Fortum Distribution AB",64.85,NA,NA,NA,NA,NA,NA,NA,NA,NA,66,NA,NA,NA,NA,NA
"Stockholm","Sundbyberg","Vattenfall Eldistribution AB",81.69,93.8,104.32,115.1,118.22,105.09,103.05,147.36,111.82,54070,151,239,187,214,185,170
"Stockholm","Södertälje","Telge Nät AB",63.33,64.7,68,93.98,97.1,82.41,85.71,131.61,60.71,102426,47,40,33,17,17,55
"Stockholm","Tyresö","Vattenfall Eldistribution AB",81.67,93.8,104.32,115.1,118.22,105.09,103.05,147.36,111.82,49214,139,260,187,214,185,170
"Stockholm","Täby","Fortum Distribution AB",64.85,NA,NA,NA,NA,NA,NA,NA,NA,NA,65,NA,NA,NA,NA,NA
"Stockholm","Upplands Bro","E.ON Elnät Stockholm AB",64.17,NA,67.41,97.11,103.9,92.28,NA,NA,NA,NA,56,64,89,96,NA,NA
"Stockholm","Upplands Väsby","E.ON Elnät Stockholm AB",64.17,66,67.41,97.11,103.9,92.28,NA,NA,NA,NA,57,68,89,96,NA,NA
"Stockholm","Vallentuna","Elverket Vallentuna AB",72.46,NA,NA,NA,NA,NA,NA,NA,NA,NA,101,NA,NA,NA,NA,NA
"Stockholm","Vaxholm","E.ON Elnät Stockholm AB",64.17,66,67.41,97.11,103.9,92.28,NA,NA,NA,NA,58,67,89,96,NA,NA
"Stockholm","Värmdö","Vattenfall Eldistribution AB",81.72,93.8,104.32,115.1,118.22,105.09,103.05,147.36,111.82,46457,173,254,187,214,185,170
"Stockholm","Österåker","E.ON Elnät Stockholm AB",64.17,66,67.41,97.11,103.9,92.28,NA,NA,NA,NA,59,66,89,96,NA,NA
"Södermanland","Eskilstuna","Eskilstuna Energi & Miljö Elnät AB",50.15,51.8,NA,NA,NA,NA,NA,NA,NA,NA,4,NA,NA,NA,NA,NA
"Södermanland","Flen","Vattenfall Eldistribution AB",81.72,93.8,104.32,115.1,118.22,105.09,103.05,147.36,111.82,16058,178,249,187,214,185,170
"Södermanland","Gnesta","Vattenfall Eldistribution AB",81.68,93.8,104.32,115.1,118.22,105.09,103.05,147.36,111.82,11612,141,264,187,214,185,170
"Södermanland","Katrineholm","Tekniska verken Katrineholm Nät AB",81.71,84.9,86.9,105.56,108.69,95.45,98.71,144.63,112.28,34604,165,138,131,128,136,139
"Södermanland","Nyköping","Vattenfall Eldistribution AB",81.67,93.8,104.32,115.1,118.22,105.09,103.05,147.36,111.82,58021,138,243,187,214,185,170
"Södermanland","Oxelösund","Oxelö Energi AB",56.62,56.6,56.64,89.34,93.22,80.42,84.55,129.75,80.18,12086,25,15,14,13,16,52
"Södermanland","Strängnäs","SEVAB Nät AB",68.03,68.1,68.05,94.65,98.46,86.4,90.52,135.56,98.53,38526,81,47,44,47,46,75
"Södermanland","Trosa","Vattenfall Eldistribution AB",81.72,93.8,104.32,115.1,118.22,105.09,103.05,147.36,111.82,14760,177,232,187,214,185,170
"Södermanland","Vingåker","Vattenfall Eldistribution AB",81.71,93.8,104.32,115.1,118.22,105.09,103.05,147.36,111.82,8981,164,263,187,214,185,170
"Uppsala","Enköping","E.ON Elnät Stockholm AB",64.16,66,67.41,97.11,103.9,92.28,NA,NA,NA,NA,53,69,89,96,NA,NA
"Uppsala","Heby","Sala-Heby Energi Elnät AB",75.86,69.3,69.27,97.75,100.88,92.93,102.66,146.97,114.86,14421,112,74,55,111,181,163
"Uppsala","Håbo","E.ON Elnät Stockholm AB",64.16,66,67.41,97.11,103.9,92.28,NA,NA,NA,NA,54,65,89,96,NA,NA
"Uppsala","Knivsta","Vattenfall Eldistribution AB",81.71,93.8,104.32,115.1,118.22,105.09,103.05,147.36,111.82,20133,168,248,187,214,185,170
"Uppsala","Tierp","Vattenfall Eldistribution AB",81.69,93.8,104.32,115.1,118.22,105.09,103.05,147.36,111.82,21406,154,233,187,214,185,170
"Uppsala","Uppsala","Vattenfall Eldistribution AB",81.69,93.8,104.32,115.1,118.22,105.09,103.05,147.36,111.82,242140,155,242,187,214,185,170
"Uppsala","Älvkarleby","Vattenfall Eldistribution AB",81.7,93.8,104.32,115.1,118.22,105.09,103.05,147.36,111.82,9625,162,267,187,214,185,170
"Uppsala","Östhammar","Vattenfall Eldistribution AB",81.71,93.8,104.32,115.1,118.22,105.09,103.05,147.36,111.82,22344,166,250,187,214,185,170
"Värmland","Arvika","Arvika Teknik AB",73.01,75.8,79.25,102.52,105.95,92.74,95.99,140.3,NA,25832,102,119,112,108,104,100
"Värmland","Eda","Fortum Distribution AB",105.64,NA,NA,NA,NA,NA,NA,NA,NA,NA,288,NA,NA,NA,NA,NA
"Värmland","Filipstad","Filipstad Energinät AB",73.82,76.1,76.09,99.28,103.22,90,94.9,140.37,101.56,10315,105,99,82,70,83,101
"Värmland","Forshaga","Fortum Distribution AB",105.62,NA,NA,NA,NA,NA,NA,NA,NA,NA,275,NA,NA,NA,NA,NA
"Värmland","Grums","Fortum Distribution AB",105.63,NA,NA,NA,NA,NA,NA,NA,NA,NA,284,NA,NA,NA,NA,NA
"Värmland","Hagfors","Fortum Distribution AB",105.62,NA,NA,NA,NA,NA,NA,NA,NA,NA,276,NA,NA,NA,NA,NA
"Värmland","Hammarö","Fortum Distribution AB",105.62,NA,NA,NA,NA,NA,NA,NA,NA,NA,274,NA,NA,NA,NA,NA
"Värmland","Karlstad","Karlstads El- och Stadsnät AB",78.04,75.2,81.22,100.11,104.14,91.01,95.36,140.23,NA,96466,125,101,98,89,87,98
"Värmland","Kil","Fortum Distribution AB",105.64,NA,NA,NA,NA,NA,NA,NA,NA,NA,286,NA,NA,NA,NA,NA
"Värmland","Kristinehamn","Kristinehamns Elnät AB",76.2,76.3,78.69,102.48,104.29,90.42,95.69,142.67,113.42,24053,114,118,103,82,96,122
"Värmland","Munkfors","Fortum Distribution AB",105.63,NA,NA,NA,NA,NA,NA,NA,NA,NA,279,NA,NA,NA,NA,NA
"Värmland","Storfors","Fortum Distribution AB",105.64,NA,NA,NA,NA,NA,NA,NA,NA,NA,287,NA,NA,NA,NA,NA
"Värmland","Sunne","Fortum Distribution AB",105.63,NA,NA,NA,NA,NA,NA,NA,NA,NA,280,NA,NA,NA,NA,NA
"Värmland","Säffle","Vattenfall Eldistribution AB",81.69,93.8,104.32,115.1,118.22,105.09,103.05,147.36,111.82,15242,153,255,187,214,185,170
"Värmland","Torsby","Fortum Distribution AB",105.63,NA,NA,NA,NA,NA,NA,NA,NA,NA,281,NA,NA,NA,NA,NA
"Värmland","Årjäng","Vattenfall Eldistribution AB",81.72,93.8,104.32,115.1,118.22,105.09,103.05,147.36,111.82,9914,176,261,187,214,185,170
"Västerbotten","Bjurholm","Vattenfall Eldistribution AB",87.25,101.1,112.31,113.21,116.34,103.21,100.79,112.34,111.82,2372,245,176,161,196,140,23
"Västerbotten","Dorotea","E.ON Elnät Sverige AB",93.27,96.9,106.31,112.02,NA,NA,NA,NA,NA,NA,267,172,NA,NA,NA,NA
"Västerbotten","Lycksele","Skellefteå Kraft Elnät AB",85.82,86.9,88.56,99.07,103,90.28,94.38,106.83,99.64,12243,186,93,73,76,76,12
"Västerbotten","Malå","Skellefteå Kraft Elnät AB",85.82,86.9,88.56,99.07,103,90.28,94.38,106.84,99.64,3033,187,95,73,76,76,14
"Västerbotten","Nordmaling","Vattenfall Eldistribution AB",87.25,101.1,112.31,113.21,116.34,103.21,100.79,112.34,111.82,7066,243,186,161,196,140,23
"Västerbotten","Norsjö","Skellefteå Kraft Elnät AB",85.82,86.9,88.56,99.07,103,90.28,94.38,106.84,99.64,3947,188,97,73,76,76,14
"Västerbotten","Robertsfors","Vattenfall Eldistribution AB",87.25,101.1,112.31,113.21,116.34,103.21,100.79,112.34,111.82,6759,242,177,161,196,140,23
"Västerbotten","Skellefteå","Skellefteå Kraft Elnät AB",85.83,86.9,88.56,99.07,103,90.28,94.38,106.84,99.64,74402,189,94,73,76,76,14
"Västerbotten","Sorsele","Vattenfall Eldistribution AB",87.26,101.1,112.31,113.21,116.34,103.21,100.79,112.34,111.82,2436,250,175,161,196,140,23
"Västerbotten","Storuman","Vattenfall Eldistribution AB",87.26,101.1,112.31,113.21,116.34,103.21,100.79,112.34,111.82,5747,251,178,161,196,140,23
"Västerbotten","Umeå","Umeå Energi Elnät AB",50.69,52.3,53.44,81.34,85.21,72.27,76.1,88.18,62.85,132235,5,2,2,1,1,1
"Västerbotten","Vilhelmina","Vattenfall Eldistribution AB",87.25,101.1,112.31,113.21,116.34,103.21,100.79,112.34,111.82,6393,244,187,161,196,140,23
"Västerbotten","Vindeln","Skellefteå Kraft Elnät AB",85.83,86.9,88.56,99.07,103,90.28,94.38,106.83,99.64,5504,190,96,73,76,76,12
"Västerbotten","Vännäs","Vattenfall Eldistribution AB",87.25,101.1,112.31,113.21,116.34,103.21,100.79,112.34,111.82,8963,248,185,161,196,140,23
"Västerbotten","Åsele","Åkab Nät & Skog AB",87.75,93.9,104.67,NA,NA,NA,NA,NA,NA,NA,253,NA,NA,NA,NA,NA
"Västernorrland","Härnösand","Härnösand Elnät AB",62.88,64,67.06,94.6,98.57,86.23,90.06,102.31,83.42,24879,46,46,45,45,45,7
"Västernorrland","Kramfors","E.ON Elnät Kramfors AB",69.37,72.3,87.78,112.22,126.74,NA,NA,NA,NA,NA,89,174,286,NA,NA,NA
"Västernorrland","Sollefteå","E.ON Elnät Sverige AB",93.27,96.9,106.31,112.02,NA,NA,NA,NA,NA,NA,266,171,NA,NA,NA,NA
"Västernorrland","Sundsvall","Sundsvall Elnät AB",54.77,63.2,63.49,92.62,97.35,85.46,88.72,108.45,108.62,99361,13,33,36,39,37,18
"Västernorrland","Timrå","E.ON Elnät Sverige AB",93.27,96.9,106.31,117.96,NA,NA,NA,NA,NA,NA,265,284,NA,NA,NA,NA
"Västernorrland","Ånge","Härjeåns Nät AB",104.89,113.3,122.33,118.86,126.23,113.02,116.28,128.03,186.25,9143,272,286,283,283,283,48
"Västernorrland","Örnsköldsvik","Övik Energi Nät AB",64.48,66.7,68.9,88.77,92.18,78.97,82.23,93.78,77.11,55557,61,12,9,9,7,3
"Västmanland","Arboga","MälarEnergi Elnät AB",55.14,56.1,NA,NA,NA,NA,NA,NA,NA,NA,18,NA,NA,NA,NA,NA
"Västmanland","Fagersta","Västerbergslagens Elnät AB",67.97,73.5,77.51,100.99,105.09,92.44,97.86,146.94,119.07,13341,78,110,109,104,128,161
"Västmanland","Hallstahammar","MälarEnergi Elnät AB",55.14,56.1,NA,NA,NA,NA,NA,NA,NA,NA,17,NA,NA,NA,NA,NA
"Västmanland","Kungsör","MälarEnergi Elnät AB",55.14,56.1,NA,NA,NA,NA,NA,NA,NA,NA,14,NA,NA,NA,NA,NA
"Västmanland","Köping","MälarEnergi Elnät AB",55.14,56.1,NA,NA,NA,NA,NA,NA,NA,NA,15,NA,NA,NA,NA,NA
"Västmanland","Norberg","Vattenfall Eldistribution AB",81.69,93.8,104.32,115.1,118.22,105.09,103.05,147.36,111.82,5627,149,241,187,214,185,170
"Västmanland","Sala","Sala-Heby Energi Elnät AB",75.86,69.3,69.27,97.75,100.88,92.93,102.66,146.97,114.86,22981,113,73,55,111,181,163
"Västmanland","Skinnskatteberg","Vattenfall Eldistribution AB",81.7,93.8,104.32,115.1,118.22,105.09,103.05,147.36,111.82,4402,160,251,187,214,185,170
"Västmanland","Surahammar","Vattenfall Eldistribution AB",81.72,93.8,104.32,115.1,118.22,105.09,103.05,147.36,111.82,10033,180,252,187,214,185,170
"Västmanland","Västerås","MälarEnergi Elnät AB",55.14,56.1,NA,NA,NA,NA,NA,NA,NA,NA,16,NA,NA,NA,NA,NA
"Västra Götaland","Ale","Ale El-förening ek. för.",78.69,82.4,NA,NA,NA,NA,NA,NA,NA,NA,127,NA,NA,NA,NA,NA
"Västra Götaland","Alingsås","Alingsås Energi Nät AB",61.86,62.5,64.29,93.04,97.73,86.43,91.03,138.23,NA,42199,40,36,40,48,51,91
"Västra Götaland","Bengtsfors","Bengtsfors Energi Nät AB",80.22,85.5,93.15,110.57,116.16,102.94,106.03,150.34,104.26,9255,130,162,160,160,233,216
"Västra Götaland","Bollebygd","Vattenfall Eldistribution AB",81.68,93.8,104.32,115.1,118.22,105.09,103.05,147.36,111.82,9703,143,268,187,214,185,170
"Västra Götaland","Borås","Borås Elnät AB",58.53,59.7,60.33,90.92,96.1,84.24,86.24,132.54,NA,114445,28,22,30,27,20,59
"Västra Götaland","Dals Ed","Vattenfall Eldistribution AB",81.68,NA,104.32,115.1,118.22,105.09,103.05,147.36,111.82,4650,140,256,187,214,185,170
"Västra Götaland","Essunga","Nossebroortens Energi ek för",90.51,NA,NA,NA,NA,NA,NA,NA,NA,NA,262,NA,NA,NA,NA,NA
"Västra Götaland","Falköping","Falbygdens Energi Nät AB",71.15,94,96.19,110.45,115.96,102.71,108.57,153.26,127.61,33252,98,161,159,159,270,242
"Västra Götaland","Färgelanda","Vattenfall Eldistribution AB",81.68,93.8,104.32,115.1,118.22,105.09,103.05,147.36,111.82,6512,145,269,187,214,185,170
"Västra Götaland","Grästorp","Grästorps Energi Ek för",82.49,NA,NA,NA,NA,NA,NA,NA,NA,NA,184,NA,NA,NA,NA,NA
"Västra Götaland","Gullspång","Fortum Distribution AB",105.64,NA,NA,NA,NA,NA,NA,NA,NA,NA,285,NA,NA,NA,NA,NA
"Västra Götaland","Göteborg","Göteborg Energi Nät AB",55.69,59.1,59.27,90.65,94.57,83.08,87.75,132.06,89.73,596841,22,21,18,22,27,58
"Västra Götaland","Götene","Götene Elförening ek för",68.5,NA,NA,NA,NA,NA,NA,NA,NA,NA,82,NA,NA,NA,NA,NA
"Västra Götaland","Herrljunga","Herrljunga Elektriska AB",63.62,63.8,63.76,93.15,96.28,83.69,87.53,133.75,96.91,9517,50,37,31,24,25,66
"Västra Götaland","Hjo","Hjo Energi AB",57.88,59.8,61.2,91.51,95.22,82.74,86.68,132.63,NA,9243,27,29,21,20,21,60
"Västra Götaland","Härryda","Härryda Energi AB",73.98,80.5,84.42,104.31,108.35,95.21,98.47,142.77,102.24,39762,107,127,128,125,133,124
"Västra Götaland","Karlsborg","Karlsborgs Energi AB",87.37,87.5,95.98,108.75,111.87,98.66,101.92,146.23,NA,7057,252,156,151,148,177,157
"Västra Götaland","Kungälv","Kungälv Energi AB",72.07,71.3,73.63,97.7,101.86,89.67,93.65,140.26,106.22,49068,99,72,64,64,73,99
"Västra Götaland","Lerum","Lerum Energi AB",60.17,62.3,64.26,92.97,97.1,84.76,88.71,133.93,NA,43536,33,35,33,36,36,68
"Västra Götaland","Lidköping","Lidköpings kommun",52.58,50.4,50.42,86.53,90.48,78.14,82.61,127.43,NA,40457,10,6,5,5,9,47
"Västra Götaland","Lilla Edet","Vattenfall Eldistribution AB",81.73,93.8,104.32,115.1,118.22,105.09,103.05,147.36,111.82,14428,181,234,187,214,185,170
"Västra Götaland","Lysekil","LEVA i Lysekil AB",79.35,81.6,84.05,103.08,106.2,93.95,97.62,142.05,NA,14170,129,120,113,119,124,113
"Västra Götaland","Mariestad","VänerEnergi AB",67.32,73.2,73.2,97.75,102.34,89.19,92.45,136.76,88.16,24768,75,75,66,57,61,85
"Västra Götaland","Mark","Vattenfall Eldistribution AB",81.69,93.8,104.32,115.1,118.22,105.09,103.05,147.36,111.82,35329,148,262,187,214,185,170
"Västra Götaland","Mellerud","Vattenfall Eldistribution AB",81.71,93.8,104.32,115.1,118.22,105.09,103.05,147.36,111.82,9263,169,266,187,214,185,170
"Västra Götaland","Munkedal","Fortum Distribution AB",89.22,NA,NA,NA,NA,NA,NA,NA,NA,NA,256,NA,NA,NA,NA,NA
"Västra Götaland","Mölndal","Mölndal Energi Nät AB",51.56,52.7,52.73,87.5,90.62,77.47,77.92,122.23,54.88,70109,7,7,6,4,3,41
"Västra Götaland","Orust","Västra Orusts Energitjänst",89.58,NA,NA,NA,NA,NA,NA,NA,NA,NA,261,NA,NA,NA,NA,NA
"Västra Götaland","Partille","Partille Energi Nät AB",58.69,60.9,61.68,91.76,95.45,83.52,89.06,134.88,91.94,39852,29,30,22,23,41,72
"Västra Götaland","Skara","Skara Energi AB",56.69,58.8,58.78,89.41,92.53,80.14,84.13,129.47,NA,18755,26,16,11,11,13,51
"Västra Götaland","Skövde","Skövde kommun",52.23,NA,NA,NA,NA,NA,NA,NA,NA,NA,8,NA,NA,NA,NA,NA
"Västra Götaland","Sotenäs","Fortum Distribution AB",89.23,NA,NA,NA,NA,NA,NA,NA,NA,NA,259,NA,NA,NA,NA,NA
"Västra Götaland","Stenungsund","Vattenfall Eldistribution AB",81.72,93.8,104.32,115.1,118.22,105.09,103.05,147.36,111.82,27870,175,227,187,214,185,170
"Västra Götaland","Strömstad","Fortum Distribution AB",89.22,NA,NA,NA,NA,NA,NA,NA,NA,NA,254,NA,NA,NA,NA,NA
"Västra Götaland","Svenljunga","Vattenfall Eldistribution AB",81.69,93.8,104.32,115.1,118.22,105.09,103.05,147.36,111.82,10816,152,237,187,214,185,170
"Västra Götaland","Tanum","Fortum Distribution AB",89.22,NA,NA,NA,NA,NA,NA,NA,NA,NA,257,NA,NA,NA,NA,NA
"Västra Götaland","Tibro","Tibro Energi AB",64.61,65.3,NA,NA,NA,NA,NA,NA,NA,NA,63,NA,NA,NA,NA,NA
"Västra Götaland","Tidaholm","Tidaholms Elnät AB",70.51,70.9,70.91,95.78,98.91,85.7,88.95,133.51,78.71,12839,93,54,47,43,40,64
"Västra Götaland","Tjörn","Fortum Distribution AB",89.22,NA,NA,NA,NA,NA,NA,NA,NA,NA,255,NA,NA,NA,NA,NA
"Västra Götaland","Tranemo","Vattenfall Eldistribution AB",81.7,93.8,104.32,115.1,118.22,105.09,103.05,147.36,111.82,11940,161,228,187,214,185,170
"Västra Götaland","Trollhättan","Trollhättan Energi Elnät AB",56.37,58.1,59.45,90.05,94.49,82.57,86.13,131.65,80.72,59274,24,20,17,19,19,57
"Västra Götaland","Töreboda","VänerEnergi AB",67.32,73.2,73.2,97.75,102.34,89.19,92.45,136.76,88.16,9186,75,76,66,57,61,85
"Västra Götaland","Uddevalla","Uddevalla Energi Elnät AB",74.04,75.2,76.02,98.39,102.08,89.48,93.45,138.53,93.99,57282,108,85,65,61,71,92
"Västra Götaland","Ulricehamn","Ulricehamns Energi AB",76.83,80.1,82.38,102.41,106.31,94.06,98.62,144.26,NA,25108,119,117,114,121,135,136
"Västra Götaland","Vara","Vara Energi ek för",70.99,NA,NA,NA,NA,NA,NA,NA,NA,NA,97,NA,NA,NA,NA,NA
"Västra Götaland","Vårgårda","Vattenfall Eldistribution AB",81.71,93.8,104.32,115.1,118.22,105.09,103.05,147.36,111.82,12268,170,246,187,214,185,170
"Västra Götaland","Vänersborg","Vattenfall Eldistribution AB",81.71,93.8,104.32,115.1,118.22,105.09,103.05,147.36,111.82,39904,171,236,187,214,185,170
"Västra Götaland","Åmål","Vattenfall Eldistribution AB",81.72,93.8,104.32,115.1,118.22,105.09,103.05,147.36,111.82,12216,179,235,187,214,185,170
"Västra Götaland","Öckerö","Fortum Distribution AB",89.22,NA,NA,NA,NA,NA,NA,NA,NA,NA,258,NA,NA,NA,NA,NA
"Örebro","Askersund","E.ON Elnät Sverige AB",86.35,89.7,98.78,114.09,NA,NA,NA,NA,NA,NA,192,210,NA,NA,NA,NA
"Örebro","Degerfors","Degerfors Energi AB",72.15,76.7,81.57,102.37,108.39,95.18,98.44,141.82,99.68,9530,100,116,129,124,132,112
"Örebro","Hallsberg","E.ON Elnät Sverige AB",86.38,89.7,98.78,114.09,NA,NA,NA,NA,NA,NA,217,201,NA,NA,NA,NA
"Örebro","Hällefors","Fortum Distribution AB",105.63,NA,NA,NA,NA,NA,NA,NA,NA,NA,283,NA,NA,NA,NA,NA
"Örebro","Karlskoga","Karlskoga Elnät AB",80.63,82.1,85.74,104.8,110.55,98.26,104.81,150.58,142.75,30278,131,130,139,146,231,217
"Örebro","Kumla","E.ON Elnät Sverige AB",86.35,89.7,98.78,114.09,NA,NA,NA,NA,NA,NA,197,200,NA,NA,NA,NA
"Örebro","Laxå","Fortum Distribution AB",105.63,NA,NA,NA,NA,NA,NA,NA,NA,NA,277,NA,NA,NA,NA,NA
"Örebro","Lekeberg","E.ON Elnät Sverige AB",86.38,89.7,98.78,114.09,NA,NA,NA,NA,NA,NA,218,204,NA,NA,NA,NA
"Örebro","Lindesberg","Linde Energi AB",73.82,72.6,77.64,100.47,104.83,92.83,97.72,144.4,NA,23435,106,105,107,109,126,138
"Örebro","Ljusnarsberg","Fortum Distribution AB",105.63,NA,NA,NA,NA,NA,NA,NA,NA,NA,278,NA,NA,NA,NA,NA
"Örebro","Nora","E.ON Elnät Sverige AB",86.36,89.7,98.78,114.09,NA,NA,NA,NA,NA,NA,202,214,NA,NA,NA,NA
"Örebro","Örebro","E.ON Elnät Sverige AB",86.38,89.7,98.78,114.09,NA,NA,NA,NA,NA,NA,215,199,NA,NA,NA,NA
"Östergötland","Boxholm","Vattenfall Eldistribution AB",81.7,93.8,104.32,115.1,118.22,105.09,103.05,147.36,111.82,5498,157,240,187,214,185,170
"Östergötland","Finspång","Vattenfall Eldistribution AB",81.71,93.8,104.32,115.1,118.22,105.09,103.05,147.36,111.82,21903,172,265,187,214,185,170
"Östergötland","Kinda","E.ON Elnät Sverige AB",86.37,89.7,98.78,114.09,NA,NA,NA,NA,NA,NA,214,213,NA,NA,NA,NA
"Östergötland","Linköping","Tekniska verken Linköping Nät AB",60.88,63.3,66.04,95.1,98.23,84.87,88.12,133.89,88.17,166673,36,48,43,37,29,67
"Östergötland","Mjölby","Mjölby Kraftnät AB",70.96,73.1,75.25,98.67,102.57,90.23,94.27,139.4,92.69,28471,96,87,71,75,75,95
"Östergötland","Motala","Vattenfall Eldistribution AB",81.7,93.8,104.32,115.1,118.22,105.09,103.05,147.36,111.82,43728,158,244,187,214,185,170
"Östergötland","Norrköping","E.ON Elnät Sverige AB",86.36,89.7,98.78,114.09,NA,NA,NA,NA,NA,NA,203,196,NA,NA,NA,NA
"Östergötland","Söderköping","E.ON Elnät Sverige AB",86.37,89.7,98.78,114.09,NA,NA,NA,NA,NA,NA,208,197,NA,NA,NA,NA
"Östergötland","Vadstena","Vattenfall Eldistribution AB",81.7,93.8,104.32,115.1,118.22,105.09,103.05,147.36,111.82,7481,156,257,187,214,185,170
"Östergötland","Valdemarsvik","E.ON Elnät Sverige AB",86.37,89.7,98.78,114.09,NA,NA,NA,NA,NA,NA,211,211,NA,NA,NA,NA
"Östergötland","Ydre","E.ON Elnät Sverige AB",86.39,89.7,98.78,114.09,NA,NA,NA,NA,NA,NA,225,212,NA,NA,NA,NA
"Östergötland","Åtvidaberg","E.ON Elnät Sverige AB",86.37,89.7,98.78,114.09,NA,NA,NA,NA,NA,NA,212,203,NA,NA,NA,NA
"Östergötland","Ödeshög","Vattenfall Eldistribution AB",81.7,93.8,104.32,115.1,118.22,105.09,103.05,147.36,111.82,5317,163,258,187,214,185,170
"Dalarna","Mora","Ellevio AB",NA,84.9,92.66,100.24,103.37,90.15,90.95,137.24,84.72,20679,NA,102,84,72,48,88
"Dalarna","Orsa","Ellevio AB",NA,84.9,92.66,100.24,103.37,90.15,90.95,137.24,84.72,6934,NA,103,84,72,48,88
"Dalarna","Vansbro","Ellevio AB",NA,110.5,120.55,116.62,119.74,106.53,101.64,145.94,84.72,6800,NA,270,230,257,162,143
"Dalarna","Älvdalen","Ellevio AB",NA,84.9,92.66,100.24,103.37,90.15,90.95,137.24,84.72,7018,NA,104,84,72,48,88
"Gävleborg","Bollnäs","Ellevio AB",NA,84.9,92.66,106.18,109.31,96.09,96.89,110.42,84.72,26624,NA,141,133,131,110,20
"Gävleborg","Hudiksvall","Ellevio AB",NA,84.9,92.66,106.18,109.31,96.09,96.89,110.42,84.72,37688,NA,143,133,131,110,20
"Gävleborg","Ockelbo","Ellevio AB",NA,84.9,92.66,106.18,109.31,96.09,96.89,110.42,84.72,5821,NA,142,133,131,110,20
"Halland","Laholm","Södra Hallands Kraft ek. för.",NA,69.6,71.75,98.35,104.29,93.89,98.47,160.65,120.67,26575,NA,84,103,118,133,255
"Jönköping","Vaggeryd","Vaggeryds kommun Elverket",NA,77.9,80.19,102.21,114.85,NA,NA,NA,NA,NA,NA,115,157,NA,NA,NA
"Kalmar","Vimmerby","Vimmerby Energi Nät AB",NA,68.6,NA,NA,107.68,93.27,96.52,143.84,115.25,15557,NA,NA,123,115,107,135
"Kalmar","Västervik","Västerviks Kraft-Elnät AB",NA,69.8,69.8,96.77,101.12,92.15,96.76,142.67,108.65,36650,NA,60,61,95,108,122
"Skåne","Båstad","Bjäre Kraft ek. för.",NA,69.5,70.12,95.56,99.72,89.73,94.53,152.85,104.22,15824,NA,53,51,65,81,240
"Skåne","Östra Göinge","Brittedals Elnät ek. för.",NA,105.5,123.37,121.38,129.19,120.42,123.67,NA,NA,NA,NA,289,289,289,289,NA
"Stockholm","Ekerö","Ellevio AB",NA,67.7,73.96,98.9,104.19,90.98,95.71,142.36,84.72,29123,NA,91,99,85,98,114
"Stockholm","Lidingö","Ellevio AB",NA,67.7,73.96,98.9,104.19,90.98,95.71,142.36,84.72,48432,NA,89,99,85,98,114
"Stockholm","Stockholm","Ellevio AB",NA,67.7,73.96,98.9,104.19,90.98,95.71,142.36,84.72,984748,NA,88,99,85,98,114
"Stockholm","Täby","Ellevio AB",NA,67.7,73.96,98.9,104.19,90.98,95.71,142.36,84.72,75137,NA,90,99,85,98,114
"Stockholm","Upplands-Bro","E.ON Elnät Stockholm AB",NA,66,NA,NA,NA,NA,NA,NA,NA,NA,NA,NA,NA,NA,NA,NA
"Stockholm","Vallentuna","Elverket Vallentuna Elnät AB",NA,81.8,86.79,103.28,NA,NA,NA,NA,NA,NA,NA,123,NA,NA,NA,NA
"Värmland","Eda","Ellevio AB",NA,110.5,120.55,116.62,119.74,106.53,101.64,145.94,84.72,8535,NA,273,230,257,162,143
"Värmland","Forshaga","Ellevio AB",NA,110.5,120.55,116.62,119.74,106.53,101.64,145.94,84.72,11578,NA,279,230,257,162,143
"Värmland","Grums","Ellevio AB",NA,110.5,120.55,116.62,119.74,106.53,101.64,145.94,84.72,9105,NA,280,230,257,162,143
"Värmland","Hagfors","Ellevio AB",NA,110.5,120.55,116.62,119.74,106.53,101.64,145.94,84.72,11589,NA,271,230,257,162,143
"Värmland","Hammarö","Ellevio AB",NA,110.5,120.55,116.62,119.74,106.53,101.64,145.94,84.72,16820,NA,276,230,257,162,143
"Värmland","Kil","Ellevio AB",NA,110.5,120.55,116.62,119.74,106.53,101.64,145.94,84.72,12115,NA,274,230,257,162,143
"Värmland","Munkfors","Ellevio AB",NA,110.5,120.55,116.62,119.74,106.53,101.64,145.94,84.72,3701,NA,282,230,257,162,143
"Värmland","Storfors","Ellevio AB",NA,110.5,120.55,116.62,119.74,106.53,101.64,145.94,84.72,3882,NA,281,230,257,162,143
"Värmland","Sunne","Ellevio AB",NA,110.5,120.55,116.62,119.74,106.53,101.64,145.94,84.72,13418,NA,275,230,257,162,143
"Värmland","Torsby","Ellevio AB",NA,110.5,120.55,110.68,113.8,100.59,95.7,140,84.72,11411,NA,163,155,156,97,97
"Västra Götaland","Dals-Ed","Vattenfall Eldistribution AB",NA,93.8,NA,NA,NA,NA,NA,NA,NA,NA,NA,NA,NA,NA,NA,NA
"Västra Götaland","Essunga","Nossebroortens Energi ek. för.",NA,94.9,96.73,108.82,111.94,98.73,101.98,146.29,112.68,5717,NA,157,152,149,178,159
"Västra Götaland","Grästorp","Grästorps Energi ek. för.",NA,84.7,85.34,103.43,107.55,94.78,98.03,143.77,99.76,5646,NA,124,122,123,130,134
"Västra Götaland","Gullspång","Ellevio AB",NA,110.5,120.55,116.62,119.74,106.53,101.64,145.94,84.72,5194,NA,283,230,257,162,143
"Västra Götaland","Götene","Götene Elförening ek. för.",NA,70.2,75.21,99.05,103.84,91.76,97.01,142.43,108.96,13275,NA,92,88,93,113,118
"Västra Götaland","Munkedal","Ellevio AB",NA,93.3,101.81,110.72,111.03,97.82,97.35,143.14,84.72,10578,NA,165,141,139,117,127
"Västra Götaland","Orust","Västra Orusts Energitjänst ek. för.",NA,93.4,95.85,109.38,113.58,101.01,104.45,150.95,NA,NA,NA,158,154,157,230,218
"Västra Götaland","Skövde","SkövdeNät AB",NA,52.4,52.37,86.24,89.36,NA,NA,NA,NA,NA,NA,4,4,NA,NA,NA
"Västra Götaland","Sotenäs","Ellevio AB",NA,93.3,101.81,110.72,111.03,97.82,97.35,143.14,84.72,9160,NA,166,141,139,117,127
"Västra Götaland","Strömstad","Ellevio AB",NA,93.3,101.81,110.72,111.03,97.82,97.35,143.14,84.72,13290,NA,169,141,139,117,127
"Västra Götaland","Tanum","Ellevio AB",NA,93.3,101.81,110.72,111.03,97.82,97.35,143.14,84.72,13013,NA,164,141,139,117,127
"Västra Götaland","Tjörn","Ellevio AB",NA,93.3,101.81,110.72,111.03,97.82,97.35,143.14,84.72,16275,NA,168,141,139,117,127
"Västra Götaland","Vara","Vara Energi ek. för.",NA,71.1,71.13,95.53,98.65,85.44,88.69,134.9,105.24,16163,NA,52,46,38,35,73
"Västra Götaland","Öckerö","Ellevio AB",NA,93.3,101.81,110.72,111.03,97.82,97.35,143.14,84.72,12800,NA,167,141,139,117,127
"Örebro","Hällefors","Ellevio AB",NA,110.5,120.55,116.62,119.74,106.53,101.64,145.94,84.72,6656,NA,278,230,257,162,143
"Örebro","Laxå","Ellevio AB",NA,110.5,120.55,116.62,119.74,106.53,101.64,145.94,84.72,5576,NA,272,230,257,162,143
"Örebro","Ljusnarsberg","Ellevio AB",NA,110.5,120.55,116.62,119.74,106.53,101.64,145.94,84.72,4517,NA,277,230,257,162,143
"Blekinge","Ronneby","Ronneby Miljö och Teknik AB",NA,NA,54.3,88.6,92.73,80.59,83.85,145.8,80.09,29169,NA,10,12,14,12,142
"Halland","Halmstad","Halmstads Energi och Miljö Nät AB",NA,NA,57.9,89.71,93.45,80.23,81.54,142.6,72.93,105148,NA,17,16,12,5,120
"Jönköping","Jönköping","Jönköping Energinät AB",NA,NA,53.79,88.35,91.48,78.96,84.44,130.02,78.44,145114,NA,8,8,8,14,53
"Jönköping","Sävsjö","Njudung Energi Sävsjö AB",NA,NA,83.11,105.17,111.52,94.5,97.75,142.99,105.03,11771,NA,136,150,122,127,125
"Skåne","Bromölla","Bromölla Energi och Vatten AB",NA,NA,54.12,86.49,90.85,78.34,81.59,141.72,90.41,12633,NA,5,7,6,6,111
"Stockholm","Nynäshamn","Nynäshamn Energi AB",NA,NA,91.4,105.36,NA,NA,NA,NA,NA,NA,NA,137,NA,NA,NA,NA
"Stockholm","Sollentuna","Sollentuna Energi och Miljö AB",NA,NA,87.93,103.26,107.11,95.41,99.98,146.27,101.51,76237,NA,122,119,127,139,158
"Södermanland","Eskilstuna","Eskilstuna Energi och Miljö Elnät AB",NA,NA,54.6,89.3,97.36,87.73,91.91,136.83,91.27,107918,NA,13,37,52,59,87
"Västmanland","Arboga","Mälarenergi Elnät AB",NA,NA,59.01,91.2,95.6,84.63,88.58,135.64,102.97,14083,NA,24,24,30,30,76
"Västmanland","Hallstahammar","Mälarenergi Elnät AB",NA,NA,59.01,91.2,95.6,84.63,88.58,135.64,102.97,16711,NA,26,24,30,30,76
"Västmanland","Kungsör","Mälarenergi Elnät AB",NA,NA,59.01,91.2,95.6,84.63,88.58,135.64,102.97,8762,NA,27,24,30,30,76
"Västmanland","Köping","Mälarenergi Elnät AB",NA,NA,59.01,91.2,95.6,84.63,88.58,135.64,102.97,26120,NA,23,24,30,30,76
"Västmanland","Västerås","Mälarenergi Elnät AB",NA,NA,59.01,91.2,95.6,84.63,88.58,135.64,102.97,158653,NA,25,24,30,30,76
"Västra Götaland","Ale","Ale El ek. för.",NA,NA,86,105.15,110.26,98.84,102.1,147.1,110.8,32394,NA,135,138,150,179,165
"Västra Götaland","Tibro","Tibro Elnät AB",NA,NA,69.77,95.35,99.68,86.07,91.65,136.51,93.05,11399,NA,50,50,44,58,82
"Västerbotten","Åsele","Åsele Elnät AB",NA,NA,NA,108.11,111.24,99.45,102.7,113.64,114.93,2782,NA,147,149,152,183,40
"Blekinge","Sölvesborg","Sölvesborgs Energi &amp",NA,NA,NA,NA,102.41,90.69,90.78,152.64,NA,17514,NA,NA,68,83,47,238
"Dalarna","Säter","Dala Energi Elnät AB",NA,NA,NA,NA,108.05,96.65,100.99,147.32,124.74,11271,NA,NA,124,135,157,166
"Gävleborg","Nordanstig","E.ON Energidistribution AB",NA,NA,NA,NA,126.74,116.18,119.44,133.18,163.29,9487,NA,NA,286,286,286,61
"Halland","Hylte","E.ON Energidistribution AB",NA,NA,NA,NA,122.64,102.95,106.2,166.22,144.44,10464,NA,NA,248,161,234,261
"Halland","Kungsbacka","E.ON Energidistribution AB",NA,NA,NA,NA,122.64,102.95,106.2,152.34,144.44,85801,NA,NA,248,161,234,223
"Jämtland","Ragunda","E.ON Energidistribution AB",NA,NA,NA,NA,120.8,110.24,113.5,127.24,163.29,5174,NA,NA,244,279,279,43
"Jämtland","Strömsund","E.ON Energidistribution AB",NA,NA,NA,NA,120.8,110.24,113.5,127.24,163.29,11397,NA,NA,244,279,279,43
"Jönköping","Aneby","E.ON Energidistribution AB",NA,NA,NA,NA,122.64,102.95,106.2,152.34,144.44,6824,NA,NA,248,161,234,223
"Jönköping","Gislaved","Gislaved Energi Elnät AB",NA,NA,NA,NA,101.25,89.06,92.69,138.65,102.96,29481,NA,NA,62,56,64,93
"Jönköping","Gnosjö","E.ON Energidistribution AB",NA,NA,NA,NA,122.64,102.95,106.2,166.22,144.44,9438,NA,NA,248,161,234,261
"Jönköping","Vetlanda","Njudung Vetlanda Elnät AB",NA,NA,NA,NA,101.8,85.62,88.88,134.12,85.11,27673,NA,NA,63,42,38,69
"Kalmar","Hultsfred","E.ON Energidistribution AB",NA,NA,NA,NA,122.64,102.95,106.2,152.34,144.44,14064,NA,NA,248,161,234,223
"Kalmar","Högsby","E.ON Energidistribution AB",NA,NA,NA,NA,122.64,102.95,106.2,166.22,144.44,5584,NA,NA,248,161,234,261
"Kalmar","Mönsterås","E.ON Energidistribution AB",NA,NA,NA,NA,122.64,102.95,106.2,166.22,144.44,13276,NA,NA,248,161,234,261
"Kalmar","Mörbylånga","E.ON Energidistribution AB",NA,NA,NA,NA,122.64,102.95,106.2,166.22,144.44,15985,NA,NA,248,161,234,261
"Kronoberg","Lessebo","E.ON Energidistribution AB",NA,NA,NA,NA,122.64,102.95,106.2,166.22,144.44,8485,NA,NA,248,161,234,261
"Kronoberg","Markaryd","E.ON Energidistribution AB",NA,NA,NA,NA,122.64,102.95,106.2,166.22,144.44,10166,NA,NA,248,161,234,261
"Kronoberg","Tingsryd","E.ON Energidistribution AB",NA,NA,NA,NA,122.64,102.95,106.2,166.22,144.44,12297,NA,NA,248,161,234,261
"Kronoberg","Uppvidinge","E.ON Energidistribution AB",NA,NA,NA,NA,122.64,102.95,106.2,166.22,144.44,9418,NA,NA,248,161,234,261
"Kronoberg","Älmhult","E.ON Energidistribution AB",NA,NA,NA,NA,122.64,102.95,106.2,166.22,144.44,18092,NA,NA,248,161,234,261
"Skåne","Burlöv","E.ON Energidistribution AB",NA,NA,NA,NA,122.64,102.95,106.2,166.22,144.44,19882,NA,NA,248,161,234,261
"Skåne","Hässleholm","E.ON Energidistribution AB",NA,NA,NA,NA,122.64,102.95,106.2,166.22,144.44,52369,NA,NA,248,161,234,261
"Skåne","Malmö","E.ON Energidistribution AB",NA,NA,NA,NA,122.64,102.95,106.2,166.22,144.44,357377,NA,NA,248,161,234,261
"Skåne","Osby","E.ON Energidistribution AB",NA,NA,NA,NA,122.64,102.95,106.2,166.22,144.44,13238,NA,NA,248,161,234,261
"Skåne","Perstorp","E.ON Energidistribution AB",NA,NA,NA,NA,122.64,102.95,106.2,166.22,144.44,7442,NA,NA,248,161,234,261
"Skåne","Svalöv","E.ON Energidistribution AB",NA,NA,NA,NA,122.64,102.95,106.2,166.22,144.44,14466,NA,NA,248,161,234,261
"Skåne","Svedala","E.ON Energidistribution AB",NA,NA,NA,NA,122.64,102.95,106.2,166.22,144.44,23288,NA,NA,248,161,234,261
"Skåne","Tomelilla","E.ON Energidistribution AB",NA,NA,NA,NA,122.64,102.95,106.2,166.22,144.44,13812,NA,NA,248,161,234,261
"Skåne","Vellinge","E.ON Energidistribution AB",NA,NA,NA,NA,122.64,102.95,106.2,166.22,144.44,37821,NA,NA,248,161,234,261
"Skåne","Örkelljunga","E.ON Energidistribution AB",NA,NA,NA,NA,122.64,102.95,106.2,166.22,144.44,10455,NA,NA,248,161,234,261
"Stockholm","Nynäshamn","Ellevio AB",NA,NA,NA,NA,108.48,95.27,97.33,143.1,84.72,30043,NA,NA,130,126,116,126
"Stockholm","Vallentuna","Ellevio AB",NA,NA,NA,NA,106.38,93.17,97.64,143.6,84.72,34851,NA,NA,115,114,125,133
"Västerbotten","Dorotea","E.ON Energidistribution AB",NA,NA,NA,NA,120.8,110.24,113.5,127.24,163.29,2413,NA,NA,244,279,279,43
"Västernorrland","Sollefteå","E.ON Energidistribution AB",NA,NA,NA,NA,120.8,110.24,113.5,127.24,163.29,18667,NA,NA,244,279,279,43
"Västernorrland","Timrå","E.ON Energidistribution AB",NA,NA,NA,NA,126.74,116.18,119.44,133.18,163.29,17754,NA,NA,286,286,286,61
"Örebro","Askersund","E.ON Energidistribution AB",NA,NA,NA,NA,122.64,102.95,106.2,152.34,144.44,11497,NA,NA,248,161,234,223
"Örebro","Hallsberg","E.ON Energidistribution AB",NA,NA,NA,NA,122.64,102.95,106.2,152.34,144.44,16290,NA,NA,248,161,234,223
"Örebro","Kumla","E.ON Energidistribution AB",NA,NA,NA,NA,122.64,102.95,106.2,152.34,144.44,22479,NA,NA,248,161,234,223
"Örebro","Lekeberg","E.ON Energidistribution AB",NA,NA,NA,NA,122.64,102.95,106.2,152.34,144.44,8756,NA,NA,248,161,234,223
"Örebro","Nora","E.ON Energidistribution AB",NA,NA,NA,NA,122.64,102.95,106.2,152.34,144.44,10701,NA,NA,248,161,234,223
"Örebro","Örebro","E.ON Energidistribution AB",NA,NA,NA,NA,122.64,102.95,106.2,152.34,144.44,158057,NA,NA,248,161,234,223
"Östergötland","Kinda","E.ON Energidistribution AB",NA,NA,NA,NA,122.64,102.95,106.2,152.34,144.44,10068,NA,NA,248,161,234,223
"Östergötland","Norrköping","E.ON Energidistribution AB",NA,NA,NA,NA,122.64,102.95,106.2,152.34,144.44,145120,NA,NA,248,161,234,223
"Östergötland","Söderköping","E.ON Energidistribution AB",NA,NA,NA,NA,122.64,102.95,106.2,152.34,144.44,14834,NA,NA,248,161,234,223
"Östergötland","Valdemarsvik","E.ON Energidistribution AB",NA,NA,NA,NA,122.64,102.95,106.2,152.34,144.44,7630,NA,NA,248,161,234,223
"Östergötland","Ydre","E.ON Energidistribution AB",NA,NA,NA,NA,122.64,102.95,106.2,152.34,144.44,3683,NA,NA,248,161,234,223
"Östergötland","Åtvidaberg","E.ON Energidistribution AB",NA,NA,NA,NA,122.64,102.95,106.2,152.34,144.44,11506,NA,NA,248,161,234,223
"Jönköping","Vaggeryd","Vaggeryds Elverk AB",NA,NA,NA,NA,NA,100.12,104.9,151.07,125.67,14854,NA,NA,NA,154,232,219
"Västernorrland","Kramfors","E.ON Energidistribution AB",NA,NA,NA,NA,NA,116.18,119.44,133.18,163.29,17904,NA,NA,NA,286,286,61
"Västra Götaland","Skövde","Skövde Energi Elnät AB",NA,NA,NA,NA,NA,81.27,84.53,130.63,99.22,57463,NA,NA,NA,15,15,54
"Skåne","Trelleborg","Trelleborgs Elnät AB",NA,NA,NA,NA,NA,NA,93.74,154.33,99.59,46649,NA,NA,NA,NA,74,246
"Stockholm","Danderyd","E.ON Energidistribution AB",NA,NA,NA,NA,NA,NA,95.53,141.2,120.43,32692,NA,NA,NA,NA,88,103
"Stockholm","Järfälla","E.ON Energidistribution AB",NA,NA,NA,NA,NA,NA,95.53,141.2,120.43,85460,NA,NA,NA,NA,88,103
"Stockholm","Upplands Bro","E.ON Energidistribution AB",NA,NA,NA,NA,NA,NA,95.53,141.2,120.43,31853,NA,NA,NA,NA,88,103
"Stockholm","Upplands Väsby","E.ON Energidistribution AB",NA,NA,NA,NA,NA,NA,95.53,141.2,120.43,49262,NA,NA,NA,NA,88,103
"Stockholm","Vaxholm","E.ON Energidistribution AB",NA,NA,NA,NA,NA,NA,95.53,141.2,120.43,11899,NA,NA,NA,NA,88,103
"Stockholm","Österåker","E.ON Energidistribution AB",NA,NA,NA,NA,NA,NA,95.53,141.2,120.43,49138,NA,NA,NA,NA,88,103
"Uppsala","Enköping","E.ON Energidistribution AB",NA,NA,NA,NA,NA,NA,95.53,141.2,120.43,47848,NA,NA,NA,NA,88,103
"Uppsala","Håbo","E.ON Energidistribution AB",NA,NA,NA,NA,NA,NA,95.53,141.2,120.43,22765,NA,NA,NA,NA,88,103
"Gävleborg","Ovanåker","Edsbyns Elnät AB",NA,NA,NA,NA,NA,NA,NA,109.64,NA,NA,NA,NA,NA,NA,NA,19
"Skåne","Östra Göinge","E.ON Energidistribution AB",NA,NA,NA,NA,NA,NA,NA,166.22,144.44,14577,NA,NA,NA,NA,NA,261
"Dalarna","Malung-Sälen","Malung-Sälens Elnät AB",NA,NA,NA,NA,NA,NA,NA,NA,110.97,10258,NA,NA,NA,NA,NA,NA
"Gävleborg","Ovanåker","Ellevio AB",NA,NA,NA,NA,NA,NA,NA,NA,84.72,11622,NA,NA,NA,NA,NA,NA
"Västra Götaland","Orust","Ellevio AB",NA,NA,NA,NA,NA,NA,NA,NA,84.72,15415,NA,NA,NA,NA,NA,NA
"Blekinge","Karlshamn","Karlshamn Elnät AB",NA,NA,NA,NA,NA,NA,NA,NA,101.7,NA,NA,NA,NA,NA,NA,NA
"Halland","Falkenberg","Falkenberg Energi Elnät AB",NA,NA,NA,NA,NA,NA,NA,NA,89.4,NA,NA,NA,NA,NA,NA,NA
"Halland","Varberg","Varberg Energi Elnät AB",NA,NA,NA,NA,NA,NA,NA,NA,106.07,NA,NA,NA,NA,NA,NA,NA
"Värmland","Arvika","Arvika Elnät AB",NA,NA,NA,NA,NA,NA,NA,NA,96.26,NA,NA,NA,NA,NA,NA,NA
"Värmland","Karlstad","Karlstads Elnät AB",NA,NA,NA,NA,NA,NA,NA,NA,101.74,NA,NA,NA,NA,NA,NA,NA
"Västra Götaland","Lidköping","Lidköping Elnät AB",NA,NA,NA,NA,NA,NA,NA,NA,72.88,NA,NA,NA,NA,NA,NA,NA
"Västra Götaland","Skara","Skara Elnät AB",NA,NA,NA,NA,NA,NA,NA,NA,73.85,NA,NA,NA,NA,NA,NA,NA
"Västra Götaland","Borås","Nätkraft Borås Infra AB",NA,NA,NA,NA,NA,NA,NA,NA,78.76,NA,NA,NA,NA,NA,NA,NA
"Västra Götaland","Hjo","Hjo Elnät AB",NA,NA,NA,NA,NA,NA,NA,NA,83.26,NA,NA,NA,NA,NA,NA,NA
"Västra Götaland","Lerum","Lerum Nät AB",NA,NA,NA,NA,NA,NA,NA,NA,89.79,NA,NA,NA,NA,NA,NA,NA
"Västra Götaland","Alingsås","Alingsås Energi Elnät AB",NA,NA,NA,NA,NA,NA,NA,NA,96.08,NA,NA,NA,NA,NA,NA,NA
"Västra Götaland","Lysekil","LEVA Nät AB",NA,NA,NA,NA,NA,NA,NA,NA,102.65,NA,NA,NA,NA,NA,NA,NA
"Västra Götaland","Ulricehamn","Ulricehamns Energi Elnät AB",NA,NA,NA,NA,NA,NA,NA,NA,106.08,NA,NA,NA,NA,NA,NA,NA
"Västra Götaland","Karlsborg","Karlsborgs Elnät AB",NA,NA,NA,NA,NA,NA,NA,NA,109.78,NA,NA,NA,NA,NA,NA,NA
"Örebro","Lindesberg","Linde Energi Elnät AB",NA,NA,NA,NA,NA,NA,NA,NA,106.19,NA,NA,NA,NA,NA,NA,NA
